<?xml version="1.0" encoding="UTF-8"?>
<!--
    Copyright 2010 The myBatis Team

    Licensed under the Apache License, Version 2.0 (the "License");
    you may not use this file except in compliance with the License.
    You may obtain a copy of the License at

        http://www.apache.org/licenses/LICENSE-2.0

    Unless required by applicable law or agreed to in writing, software
    distributed under the License is distributed on an "AS IS" BASIS,
    WITHOUT WARRANTIES OR CONDITIONS OF ANY KIND, either express or implied.
    See the License for the specific language governing permissions and
    limitations under the License.
-->

<beans xmlns="http://www.springframework.org/schema/beans"
     xmlns:xsi="http://www.w3.org/2001/XMLSchema-instance"
     xmlns:aop="http://www.springframework.org/schema/aop"
     xmlns:tx="http://www.springframework.org/schema/tx"
     xmlns:jdbc="http://www.springframework.org/schema/jdbc"
     xmlns:context="http://www.springframework.org/schema/context"
     xsi:schemaLocation="
     http://www.springframework.org/schema/context http://www.springframework.org/schema/context/spring-context-3.0.xsd
     http://www.springframework.org/schema/beans http://www.springframework.org/schema/beans/spring-beans-3.0.xsd
     http://www.springframework.org/schema/jdbc http://www.springframework.org/schema/jdbc/spring-jdbc-3.0.xsd
     http://www.springframework.org/schema/tx http://www.springframework.org/schema/tx/spring-tx-3.0.xsd
     http://www.springframework.org/schema/aop http://www.springframework.org/schema/aop/spring-aop-3.0.xsd">

   <!-- in-memory database and a datasource -->
    <jdbc:embedded-database id="dataSource">
        <jdbc:script location="classpath:database/jpetstore-hsqldb-schema.sql"/>
        <jdbc:script location="classpath:database/jpetstore-hsqldb-dataload.sql"/>
    </jdbc:embedded-database>

    <!-- transaction manager, use JtaTransactionManager for global tx -->
    <bean id="transactionManager" class="org.springframework.jdbc.datasource.DataSourceTransactionManager">
        <property name="dataSource" ref="dataSource" />
    </bean>

    <!-- enable component scanning (beware that this does not enable mapper scanning!) -->    
    <context:component-scan base-package="org.mybatis.jpetstore.service" />

    <!-- enable autowire -->
    <context:annotation-config />

    <!-- enable transaction demarcation with annotations -->
    <tx:annotation-driven />

    <!-- define the SqlSessionFactory -->
    <bean id="sqlSessionFactory" class="org.mybatis.spring.SqlSessionFactoryBean">
        <property name="dataSource" ref="dataSource" />
        <property name="typeAliasesPackage" value="org.mybatis.jpetstore.domain" />
    </bean>

    <!-- scan for mappers and let them be autowired -->
    <bean class="org.mybatis.spring.mapper.MapperScannerConfigurer">
        <property name="basePackage" value="org.mybatis.jpetstore.persistence" />
    </bean>
</beans>
